filename,expression
math-01.jpg,10-0
math-02.jpg,48-10
math-03.jpg,21+14
math-04.jpg,56-10
math-05.jpg,16-7
math-06.jpg,5+1
math-07.jpg,0+5
math-08.jpg,80-32
math-09.jpg,2+15
math-10.jpg,7+38
math-11.jpg,70+40
math-12.jpg,16-7
math-13.jpg,15-3
math-14.jpg,13+20
math-15.jpg,5+4
math-16.jpg,12+39
math-17.jpg,18-5
math-18.jpg,29+5
math-19.jpg,64-30
math-20.jpg,19+9
math-21.jpg,28-12
math-22.jpg,5+34
math-23.jpg,35+3
math-24.jpg,50-20
math-25.jpg,28+3
math-26.jpg,28-13
math-27.jpg,29-10
math-28.jpg,55-21
math-29.jpg,47-18
math-30.jpg,67-19
math-31.jpg,20+20
math-32.jpg,23-6
math-33.jpg,0+11
math-34.jpg,26+13
math-35.jpg,36+6
math-36.jpg,39-14
math-37.jpg,10-4
math-38.jpg,30-7
math-39.jpg,12-2
math-40.jpg,27+19
math-41.jpg,19-7
math-42.jpg,29-3
math-43.jpg,6+13
math-44.jpg,7+22
math-45.jpg,17-7
math-46.jpg,7-2
math-47.jpg,23-2
math-48.jpg,8+26
math-49.jpg,24+5
math-50.jpg,25+11
math-51.jpg,36-5
math-52.jpg,26+20
math-53.jpg,5+9
math-54.jpg,24-7
math-55.jpg,25-5
math-56.jpg,23-0
math-57.jpg,62-25
math-58.jpg,57-19
math-59.jpg,4+6
math-60.jpg,35-3
math-61.jpg,29+7
math-62.jpg,15+22
math-63.jpg,17-6
math-64.jpg,26-9
math-65.jpg,25-8
math-66.jpg,15-1
math-67.jpg,3+39
math-68.jpg,20-7
math-69.jpg,18+7
math-70.jpg,16-6
math-71.jpg,3+31
math-72.jpg,30-9
math-73.jpg,41-18
math-74.jpg,42+2
math-75.jpg,64-20
math-76.jpg,97-47
math-77.jpg,17+20
math-78.jpg,79-35
math-79.jpg,69-20
math-80.jpg,21+4
math-81.jpg,12-2
math-82.jpg,19-6
math-83.jpg,21+6
math-84.jpg,30-22
math-85.jpg,3+3
math-86.jpg,36-9
math-87.jpg,18+29
math-88.jpg,3+10
math-89.jpg,56-14
math-90.jpg,35+7
math-91.jpg,3+11
math-92.jpg,59-18
math-93.jpg,56-16
math-94.jpg,16-7
math-95.jpg,27+13
math-96.jpg,0+14
math-97.jpg,86-42
math-98.jpg,3+18
math-99.jpg,25+15
math-100.jpg,14+4
math-101.jpg,51-4
math-102.jpg,12+35
math-103.jpg,6+5
math-104.jpg,14-4
math-105.jpg,81-36
math-106.jpg,53-9
math-107.jpg,21+19
math-108.jpg,44+3
math-109.jpg,9-3
math-110.jpg,25-11
math-111.jpg,44-16
math-112.jpg,0+14
math-113.jpg,23-11
math-114.jpg,0+37
math-115.jpg,12+19
math-116.jpg,37-0
math-117.jpg,35-16
math-118.jpg,11+3
math-119.jpg,59-14
math-120.jpg,27-12
math-121.jpg,76-29
math-122.jpg,8+10
math-123.jpg,11+19
math-124.jpg,38+5
math-125.jpg,16-7
math-126.jpg,29-11
