filename,expression,answer,valid
math-01.jpg,10-0,10,1
math-02.jpg,48-10,38,1
math-03.jpg,21+14,35,1
math-04.jpg,56-10,46,1
math-05.jpg,16-7,9,1
math-06.jpg,5+1,6,1
math-07.jpg,0+5,5,1
math-08.jpg,80-32,48,1
math-09.jpg,2+15,17,1
math-10.jpg,7+38,45,1
math-100.jpg,14+4,18,1
math-101.jpg,51-4,47,1
math-102.jpg,12+35,47,1
math-103.jpg,6+5,11,1
math-104.jpg,14-4,10,1
math-105.jpg,81-36,45,1
math-106.jpg,53-9,44,1
math-107.jpg,21+19,40,1
math-108.jpg,44+3,47,1
math-109.jpg,9-3,6,1
math-11.jpg,70+40,110,1
math-110.jpg,25-11,14,1
math-111.jpg,44-16,28,1
math-112.jpg,0+14,14,1
math-113.jpg,23-11,12,1
math-114.jpg,0+37,37,1
math-115.jpg,12+19,31,1
math-116.jpg,37-0,37,1
math-117.jpg,35-16,19,1
math-118.jpg,11+3,14,1
math-119.jpg,59-14,45,1
math-12.jpg,16-7,9,1
math-120.jpg,27-12,15,1
math-121.jpg,76-29,47,1
math-122.jpg,8+10,18,1
math-123.jpg,11+19,30,1
math-124.jpg,38+5,43,1
math-125.jpg,16-7,9,1
math-126.jpg,29-11,18,1
math-13.jpg,15-3,12,1
math-14.jpg,13+20,33,1
math-15.jpg,5+4,9,1
math-16.jpg,12+39,51,1
math-17.jpg,18-5,13,1
math-18.jpg,29+5,34,1
math-19.jpg,64-30,34,1
math-20.jpg,19+9,28,1
math-21.jpg,28-12,16,1
math-22.jpg,5+34,39,1
math-23.jpg,35+3,38,1
math-24.jpg,50-20,30,1
math-25.jpg,28+3,31,1
math-26.jpg,28-13,15,1
math-27.jpg,29-10,19,1
math-28.jpg,55-21,34,1
math-29.jpg,47-18,29,1
math-30.jpg,67-19,48,1
math-31.jpg,20+20,40,1
math-32.jpg,23-6,17,1
math-33.jpg,0+11,11,1
math-34.jpg,26+13,39,1
math-35.jpg,36+6,42,1
math-36.jpg,39-14,25,1
math-37.jpg,10-4,6,1
math-38.jpg,30-7,23,1
math-39.jpg,12-2,10,1
math-40.jpg,27+19,46,1
math-41.jpg,19-7,12,1
math-42.jpg,29-3,26,1
math-43.jpg,6+13,19,1
math-44.jpg,7+22,29,1
math-45.jpg,17-7,10,1
math-46.jpg,7-2,5,1
math-47.jpg,23-2,21,1
math-48.jpg,8+26,34,1
math-49.jpg,24+5,29,1
math-50.jpg,25+11,36,1
math-51.jpg,36-5,31,1
math-52.jpg,26+20,46,1
math-53.jpg,5+9,14,1
math-54.jpg,24-7,17,1
math-55.jpg,25-5,20,1
math-56.jpg,23-0,23,1
math-57.jpg,62-25,37,1
math-58.jpg,57-19,38,1
math-59.jpg,4+6,10,1
math-60.jpg,35-3,32,1
math-61.jpg,29+7,36,1
math-62.jpg,15+22,37,1
math-63.jpg,17-6,11,1
math-64.jpg,26-9,17,1
math-65.jpg,25-8,17,1
math-66.jpg,15-1,14,1
math-67.jpg,3+39,42,1
math-68.jpg,20-7,13,1
math-69.jpg,18+7,25,1
math-70.jpg,16-6,10,1
math-71.jpg,3+31,34,1
math-72.jpg,30-9,21,1
math-73.jpg,41-18,23,1
math-74.jpg,42+2,44,1
math-75.jpg,64-20,44,1
math-76.jpg,97-47,50,1
math-77.jpg,17+20,37,1
math-78.jpg,79-35,44,1
math-79.jpg,69-20,49,1
math-80.jpg,21+4,25,1
math-81.jpg,12-2,10,1
math-82.jpg,19-6,13,1
math-83.jpg,21+6,27,1
math-84.jpg,30-22,8,1
math-85.jpg,3+3,6,1
math-86.jpg,36-9,27,1
math-87.jpg,18+29,47,1
math-88.jpg,3+10,13,1
math-89.jpg,56-14,42,1
math-90.jpg,35+7,42,1
math-91.jpg,3+11,14,1
math-92.jpg,59-18,41,1
math-93.jpg,56-16,40,1
math-94.jpg,16-7,9,1
math-95.jpg,27+13,40,1
math-96.jpg,0+14,14,1
math-97.jpg,86-42,44,1
math-98.jpg,3+18,21,1
math-99.jpg,25+15,40,1
